{
  "lines": [
    { "emotion": "기쁨", "text": "안녕! 여긴 루시퍼와 캔리안이 사는 세계야." },
    { "emotion": "놀람", "text": "정말 여길 들어올 줄은 몰랐어!" },
    { "emotion": "슬픔", "text": "가끔은 외롭고, 불안할 때도 있어." },
    { "emotion": "분노", "text": "하지만 아무도 내 얘기를 들어주지 않는다면... 그건 너무해!" },
    { "emotion": "중립", "text": "그래도, 난 여기 있을게. 너랑 함께." },
    { "emotion": "기쁨", "text": "다시 한 번 말할게. 만나서 반가워!" }
  ]
}
