{
  "colors": [
    "#FFFFFF",   // 흰색
    "#F5F5F5",   // 아주 밝은 회색
    "#CCCCCC",   // 연한 회색

    "#78FFB4",   // 민트그린
    "#A0B4F0",   // 소프트 블루
    "#FF9AA2",   // 파스텔 레드/핑크
    "#B5EAD7",   // 민트 파스텔
    "#C7CEEA",   // 라벤더
    "#FFD166",   // 따뜻한 옐로우

    "#FFE5B4",   // 살구색 파스텔
    "#E0BBE4",   // 보라빛 파스텔
    "#FFDAC1",   // 코랄/피치 톤
    "#E2F0CB"    // 연두 파스텔
  ],
  "samples1": [
    "좋은 아침 승재! ☀️",
    "오늘은 가볍게 시동 걸기 🚀",
    "리듬부터 찾자—작게 시작, 크게 가자!"
  ],
  "samples2": [
    "점심 뭐 먹을까? 🍜",
    "커피 리필 타임 ☕",
    "간단하게 과일도 괜찮지?"
  ],
  "samples3": [
    "오늘 마무리 체크 ✍️",
    "내일 할 일 3개만 메모 📓",
    "완료한 작업 스스로 칭찬하기 🙌"
  ],
	  "samples4": [
	  "티셔츠 단돈 10,000원! 👕",
	  "가볍게 사는 가격, 무겁게 다가오는 스타일.",
	  "1만원이면 당신의 무대가 달라집니다!"
	],
	"samples5": [
	  "럭셔리 피자 한 판, 30,000원 🍕",
	  "3만원으로 즐기는 특별한 저녁.",
	  "가치 있는 한 끼, 투자할 만하지 않습니까?"
	]


}
