{
  "colors": [
    "#FFFFFF", "#F5F5F5", "#CCCCCC",
    "#78FFB4", "#A0B4F0", "#FF9AA2", "#B5EAD7", "#C7CEEA", "#FFD166",
    "#FFE5B4", "#E0BBE4", "#FFDAC1", "#E2F0CB",
    "#FF80B4", "#8CB9D7", "#FFC878", "#B478FF", "#FF6464", "#6464FF",
    "#FFFF96", "#B4FF78", "#FFA000", "#5AC8E6", "#C896FF", "#FFDCC8",
    "#C8FFFF"
  ],
  "samples1": [
    "좋은 아침입니다! ☀️",
    "오늘은 가볍게 시동 걸기 🚀",
    "리듬부터 찾자—작게 시작, 크게 가자!"
  ],
  "samples2": [
    "점심 뭐 먹을까? 🍜",
    "커피 리필 타임 ☕",
    "간단하게 과일도 괜찮지?",
    "2번 대사 그룹"
  ],
  "samples3": [
    "지금은 점심 시간 그룹3번 대사️",
    "치킨 3만원 광고 시간",
    "옷 1만 9900원 광고 시간",
    "돈 버는 것도 중요하니까...."
  ],
  "samples4": [
    "티셔츠 단돈 10,000원! 👕",
    "가볍게 사는 가격, 무겁게 다가오는 스타일.",
    "1만원이면 당신의 무대가 달라집니다!"
  ],
  "samples5": [
    "럭셔리 피자 한 판, 30,000원 🍕",
    "3만원으로 즐기는 특별한 저녁.",
    "가치 있는 한 끼, 투자할 만하지 않습니까?"
  ]
}
